worldChamp,driverId,driverRef,raceId,constructorId,startPos,finishPos,racePoints,year,round,circuitId,name,nPoints,q1,q2,q3,nPits,pitDur,lap,fLapTime,position,wins,accumPoints,nAccumPoints
,846,norris,,1,1,1,25,2025,1,1,Australian Grand Prix,,75.912,75.415,75.096,5,15.11,43,82.167,1,1,25,
,857,piastri,,1,1,1,25,2025,2,17,Chinese Grand Prix,,91.591,91.2,90.641,1,23.938,53,95.52,4,1,27,
,830,verstappen,,9,1,1,25,2025,3,22,Japanese Grand Prix,,87.943,87.502,86.983,1,24.397,52,91.041,2,1,55,
,857,piastri,,1,1,1,25,2025,4,3,Bahrain Grand Prix,,91.392,90.454,89.841,2,24.699,36,95.14,2,2,67,
,857,piastri,,1,2,1,25,2025,5,77,Saudi Arabian Grand Prix,,87.901,87.545,87.304,1,21.388,50,92.228,1,3,92,
,857,piastri,,1,4,1,25,2025,6,79,Miami Grand Prix,,87.006,86.269,86.375,1,22.106,35,89.822,1,4,117,
,830,verstappen,,9,2,1,25,2025,7,21,San Marino Grand Prix,,75.175,75.394,74.704,2,29.824,58,77.988,3,2,118,
,846,norris,,1,1,1,25,2025,8,6,Monaco Grand Prix,,71.285,70.57,69.954,2,24.1245,78,73.221,1,2,149,
,857,piastri,,1,1,1,25,2025,9,4,Spanish Grand Prix,,72.551,71.998,71.546,3,22.148,61,75.743,1,5,172,
,847,russell,,131,1,1,25,2025,10,7,Canadian Grand Prix,,72.075,71.57,70.899,2,23.7465,63,74.119,4,1,126,
,846,norris,,1,1,1,25,2025,11,70,Austrian Grand Prix,,72.066,71.672,70.875,2,21.779,62,68.272,2,3,192,
,846,norris,,1,3,1,25,2025,12,9,British Grand Prix,,86.123,85.231,85.01,2,29.422,48,89.734,2,4,217,
,857,piastri,,1,2,1,25,2025,13,13,Belgian Grand Prix,,101.201,100.626,100.647,1,23.844,43,105.706,1,6,245,
,846,norris,,1,3,1,25,2025,14,11,Hungarian Grand Prix,,75.523,74.89,75.413,1,20.94,57,79.918,2,5,260,
,857,piastri,,1,1,1,25,2025,15,39,Dutch Grand Prix,,69.338,68.964,68.662,2,17.982,60,72.271,1,7,288,
,830,verstappen,,9,1,1,25,2025,16,14,Italian Grand Prix,,79.455,79.14,78.792,1,24.545,52,81.003,3,3,216,
,830,verstappen,,9,3,2,18,2025,1,1,Australian Grand Prix,,76.018,75.565,75.481,5,15.503,43,83.081,2,0,18,
,846,norris,,1,3,2,18,2025,2,17,Chinese Grand Prix,,90.983,90.787,90.793,1,22.213,53,95.454,1,1,43,
,846,norris,,1,2,2,18,2025,3,22,Japanese Grand Prix,,87.845,87.146,86.995,1,23.222,51,91.116,1,1,61,
,847,russell,,131,2,2,18,2025,4,3,Bahrain Grand Prix,,91.494,90.664,90.009,2,24.072,36,95.518,4,0,58,
,830,verstappen,,9,1,2,18,2025,5,77,Saudi Arabian Grand Prix,,87.778,87.529,87.294,1,26.03,49,92.28,3,1,81,
,846,norris,,1,2,2,18,2025,6,79,Miami Grand Prix,,86.955,86.499,86.269,1,22.044,36,89.746,2,1,106,
,846,norris,,1,4,2,18,2025,7,21,San Marino Grand Prix,,75.894,75.261,74.962,2,30.594,63,78.311,2,1,124,
,844,leclerc,,6,2,2,18,2025,8,6,Monaco Grand Prix,,71.229,70.581,70.063,2,23.627,36,74.055,5,0,75,
,846,norris,,1,2,2,18,2025,9,4,Spanish Grand Prix,,72.799,72.056,71.755,3,22.62633333,61,76.187,2,2,167,
,830,verstappen,,9,2,2,18,2025,10,7,Canadian Grand Prix,,72.054,71.638,71.059,2,23.3625,62,74.287,3,2,149,
,857,piastri,,1,2,2,18,2025,11,70,Austrian Grand Prix,,72.205,71.814,71.004,2,21.816,61,67.924,1,5,202,
,857,piastri,,1,2,2,18,2025,12,9,British Grand Prix,,85.963,85.316,84.995,2,34.8855,51,89.337,1,5,220,
,846,norris,,1,1,2,18,2025,13,13,Belgian Grand Prix,,101.01,100.715,100.562,1,24.376,42,105.257,2,4,235,
,857,piastri,,1,2,2,18,2025,14,11,Hungarian Grand Prix,,75.211,74.941,75.398,2,21.0425,56,79.412,1,6,263,
,830,verstappen,,9,3,2,18,2025,15,39,Dutch Grand Prix,,69.696,69.122,68.925,2,18.5005,70,72.921,3,2,191,
,846,norris,,1,2,2,18,2025,16,14,Italian Grand Prix,,79.517,79.293,78.869,1,27.498,53,80.901,2,5,278,
,847,russell,,131,4,3,15,2025,1,1,Australian Grand Prix,,75.971,75.798,75.546,5,15.995,43,85.065,3,0,15,
,847,russell,,131,2,3,15,2025,2,17,Chinese Grand Prix,,91.295,91.307,90.723,1,22.324,55,95.816,3,0,30,
,857,piastri,,1,3,3,15,2025,3,22,Japanese Grand Prix,,87.687,87.507,87.027,1,23.037,53,91.039,3,1,42,
,846,norris,,1,6,3,15,2025,4,3,Bahrain Grand Prix,,91.107,90.56,90.267,2,26.9285,38,95.728,1,1,76,
,844,leclerc,,6,4,3,15,2025,5,77,Saudi Arabian Grand Prix,,88.552,87.866,87.67,1,20.131,49,92.192,5,0,43,
,847,russell,,131,5,3,15,2025,6,79,Miami Grand Prix,,87.014,86.575,86.385,1,24.257,31,90.318,4,0,83,
,857,piastri,,1,1,3,15,2025,7,21,San Marino Grand Prix,,75.5,75.214,74.67,2,30.791,56,78.894,1,4,132,
,857,piastri,,1,3,3,15,2025,8,6,Monaco Grand Prix,,71.308,70.858,70.129,2,24.832,60,73.745,2,4,147,
,844,leclerc,,6,7,3,15,2025,9,4,Spanish Grand Prix,,73.014,72.495,72.131,3,22.04633333,62,77.259,5,0,90,
,861,antonelli,,131,4,3,15,2025,10,7,Canadian Grand Prix,,72.279,71.974,71.391,2,23.368,60,74.455,7,0,59,
,844,leclerc,,6,3,3,15,2025,11,70,Austrian Grand Prix,,72.335,71.915,71.087,2,21.422,62,68.765,5,0,115,
,807,hulkenberg,,15,19,3,15,2025,12,9,British Grand Prix,,86.574,,,2,29.844,51,90.933,9,0,37,
,844,leclerc,,6,3,3,15,2025,13,13,Belgian Grand Prix,,101.635,101.084,100.9,1,23.806,40,106.174,5,0,130,
,847,russell,,131,4,3,15,2025,14,11,Hungarian Grand Prix,,75.627,75.201,75.425,2,21.5765,45,79.409,4,1,162,
,864,hadjar,,215,4,3,15,2025,15,39,Dutch Grand Prix,,69.966,69.439,69.208,2,17.9745,70,73.327,10,0,36,
,857,piastri,,1,3,3,15,2025,16,14,Italian Grand Prix,,79.711,79.286,78.982,1,23.602,47,81.245,1,7,303,
,861,antonelli,,131,16,4,12,2025,1,1,Australian Grand Prix,,76.525,,,5,17.173,43,84.901,4,0,12,
,830,verstappen,,9,4,4,12,2025,2,17,Chinese Grand Prix,,91.424,91.142,90.817,1,22.454,56,95.488,2,0,30,
,844,leclerc,,6,4,4,12,2025,3,22,Japanese Grand Prix,,87.92,87.555,87.299,1,23.346,47,91.469,7,0,16,
,844,leclerc,,6,3,4,12,2025,4,3,Bahrain Grand Prix,,91.454,90.724,90.175,2,24.5215,36,96.132,5,0,28,
,846,norris,,1,10,4,12,2025,5,77,Saudi Arabian Grand Prix,,87.805,87.481,,1,20.427,41,91.778,2,1,88,
,830,verstappen,,9,1,4,12,2025,6,79,Miami Grand Prix,,86.87,86.643,86.204,1,22.501,41,90.466,3,1,93,
,1,hamilton,,6,12,4,12,2025,7,21,San Marino Grand Prix,,76.163,75.765,,2,29.9495,61,78.265,8,0,39,
,830,verstappen,,9,5,4,12,2025,8,6,Monaco Grand Prix,,71.431,70.875,70.669,2,24.032,45,74.23,3,2,130,
,847,russell,,131,4,4,12,2025,9,4,Spanish Grand Prix,,72.806,72.407,71.848,3,22.21933333,62,77.244,4,0,101,
,857,piastri,,1,3,4,12,2025,10,7,Canadian Grand Prix,,71.939,71.715,71.12,3,24.268,64,74.255,1,5,184,
,1,hamilton,,6,4,4,12,2025,11,70,Austrian Grand Prix,,72.41,72.001,71.167,2,21.2225,62,68.628,6,0,77,
,1,hamilton,,6,5,4,12,2025,12,9,British Grand Prix,,86.296,85.084,85.095,2,29.022,49,90.016,6,0,89,
,830,verstappen,,9,4,4,12,2025,13,13,Belgian Grand Prix,,101.334,100.951,100.903,1,25.913,40,106.096,3,2,171,
,844,leclerc,,6,1,4,12,2025,14,11,Hungarian Grand Prix,,75.582,75.455,75.372,2,21.133,47,80.44,5,0,142,
,847,russell,,131,5,4,12,2025,15,39,Dutch Grand Prix,,69.676,69.313,69.255,2,18.088,70,73.728,4,1,174,
,844,leclerc,,6,4,4,12,2025,16,14,Italian Grand Prix,,79.689,79.31,79.007,1,24.235,53,81.294,5,0,154,
,848,albon,,3,6,5,10,2025,1,1,Australian Grand Prix,,76.245,76.017,75.737,5,16.7646,43,84.597,5,0,10,
,839,ocon,,210,11,5,10,2025,2,17,Chinese Grand Prix,,91.876,91.625,,1,23.114,56,95.74,7,0,10,
,847,russell,,131,5,5,10,2025,3,22,Japanese Grand Prix,,87.843,87.4,87.318,1,23.184,51,91.357,4,0,40,
,1,hamilton,,6,9,5,10,2025,4,3,Bahrain Grand Prix,,91.219,91.009,90.772,2,24.345,37,96.235,8,0,17,
,847,russell,,131,3,5,10,2025,5,77,Saudi Arabian Grand Prix,,88.282,87.599,87.407,1,20.329,32,92.893,4,0,68,
,848,albon,,3,7,5,10,2025,6,79,Miami Grand Prix,,87.042,86.855,86.682,1,21.906,55,90.482,7,0,30,
,848,albon,,3,7,5,10,2025,7,21,San Marino Grand Prix,,76.123,75.521,75.473,2,30.1285,63,78.289,7,0,40,
,1,hamilton,,6,4,5,10,2025,8,6,Monaco Grand Prix,,71.575,70.883,70.382,2,23.9105,73,74.09,6,0,49,
,807,hulkenberg,,15,16,5,10,2025,9,4,Spanish Grand Prix,,73.19,,,3,21.99533333,63,77.575,11,0,16,
,844,leclerc,,6,8,5,10,2025,10,7,Canadian Grand Prix,,72.038,71.626,71.682,2,23.6095,57,74.261,5,0,100,
,847,russell,,131,5,5,10,2025,11,70,Austrian Grand Prix,,72.506,72.109,71.233,2,21.599,62,69.372,4,1,136,
,830,verstappen,,9,1,5,10,2025,12,9,British Grand Prix,,85.886,85.316,84.892,2,28.9355,49,90.179,3,2,159,
,847,russell,,131,6,5,10,2025,13,13,Belgian Grand Prix,,101.784,101.254,101.26,1,23.635,43,106.566,4,1,147,
,4,alonso,,117,5,5,10,2025,14,11,Hungarian Grand Prix,,75.281,75.395,75.481,1,22.204,54,80.113,10,0,26,
,848,albon,,3,15,5,10,2025,15,39,Dutch Grand Prix,,69.792,69.652,,2,18.766,70,73.687,7,0,64,
,847,russell,,131,6,5,10,2025,16,14,Italian Grand Prix,,79.414,79.287,79.157,1,25.021,45,81.8,4,1,184,
,840,stroll,,117,13,6,8,2025,1,1,Australian Grand Prix,,76.369,76.483,,5,16.7346,43,85.538,6,0,8,
,861,antonelli,,131,8,6,8,2025,2,17,Chinese Grand Prix,,91.676,91.59,91.103,1,22.675,56,96.046,5,0,20,
,861,antonelli,,131,6,6,8,2025,3,22,Japanese Grand Prix,,87.968,87.639,87.555,1,24.38,50,90.965,5,0,28,
,830,verstappen,,9,7,6,8,2025,4,3,Bahrain Grand Prix,,91.303,91.019,90.423,2,27.2925,29,96.167,3,1,63,
,861,antonelli,,131,5,6,8,2025,5,77,Saudi Arabian Grand Prix,,88.128,87.798,87.866,1,20.399,50,92.396,6,0,36,
,861,antonelli,,131,3,6,8,2025,6,79,Miami Grand Prix,,87.077,86.606,86.271,1,24.383,27,90.795,6,0,44,
,844,leclerc,,6,11,6,8,2025,7,21,San Marino Grand Prix,,76.108,75.604,,2,30.766,56,79.048,5,0,57,
,864,hadjar,,215,6,6,8,2025,8,6,Monaco Grand Prix,,71.811,71.04,70.923,2,24.171,16,75.981,10,0,15,
,1,hamilton,,6,5,6,8,2025,9,4,Spanish Grand Prix,,73.058,72.447,72.045,3,23.06766667,62,77.706,6,0,57,
,1,hamilton,,6,5,6,8,2025,10,7,Canadian Grand Prix,,71.952,71.885,71.526,2,23.471,64,74.805,6,0,65,
,859,lawson,,215,6,6,8,2025,11,70,Austrian Grand Prix,,72.611,72.214,71.289,1,21.434,62,69.977,14,0,12,
,842,gasly,,214,10,6,8,2025,12,9,British Grand Prix,,86.328,85.711,85.785,2,28.6905,48,90.751,12,0,18,
,848,albon,,3,5,6,8,2025,13,13,Belgian Grand Prix,,101.772,101.505,101.201,,,38,106.813,8,0,54,
,862,bortoleto,,15,7,6,8,2025,14,11,Hungarian Grand Prix,,75.586,75.687,75.725,1,21.773,48,80.705,16,0,14,
,860,bearman,,210,19,6,8,2025,15,39,Dutch Grand Prix,,70.262,,,1,18.622,70,73.95,16,0,14,
,1,hamilton,,6,5,6,8,2025,16,14,Italian Grand Prix,,79.765,79.371,79.124,1,23.971,50,81.546,6,0,103,
,807,hulkenberg,,15,17,7,6,2025,1,1,Australian Grand Prix,,76.579,,,5,17.3262,43,85.243,7,0,6,
,848,albon,,3,10,7,6,2025,2,17,Chinese Grand Prix,,91.503,91.595,91.706,1,23.362,52,96.254,6,0,16,
,1,hamilton,,6,8,7,6,2025,3,22,Japanese Grand Prix,,87.942,87.61,87.61,1,22.937,51,91.406,10,0,7,
,842,gasly,,214,5,7,6,2025,4,3,Bahrain Grand Prix,,91.462,90.643,90.216,2,24.9955,39,96.531,11,0,6,
,1,hamilton,,6,7,7,6,2025,5,77,Saudi Arabian Grand Prix,,88.372,88.102,88.201,1,20.144,43,92.6,7,0,23,
,844,leclerc,,6,8,7,6,2025,6,79,Miami Grand Prix,,87.417,86.948,86.754,1,22.183,35,90.461,5,0,49,
,847,russell,,131,3,7,6,2025,7,21,San Marino Grand Prix,,75.852,75.334,74.807,2,30.269,55,79.733,4,0,89,
,839,ocon,,210,8,7,6,2025,8,6,Monaco Grand Prix,,71.839,71.262,70.942,2,25.174,34,75.157,9,0,20,
,864,hadjar,,215,9,7,6,2025,9,4,Spanish Grand Prix,,73.139,72.461,72.252,3,21.87633333,63,77.77,9,0,21,
,4,alonso,,117,6,7,6,2025,10,7,Canadian Grand Prix,,72.073,71.805,71.586,2,23.715,58,75.024,15,0,8,
,4,alonso,,117,7,7,6,2025,11,70,Austrian Grand Prix,,72.699,72.305,71.366,1,21.865,62,69.935,12,0,14,
,840,stroll,,117,18,7,6,2025,12,9,British Grand Prix,,86.504,,,3,28.84366667,50,92.088,14,0,16,
,1,hamilton,,6,16,7,6,2025,13,13,Belgian Grand Prix,,101.939,,,1,23.284,43,106.534,6,0,95,
,840,stroll,,117,6,7,6,2025,14,11,Hungarian Grand Prix,,75.673,75.129,75.498,1,21.464,55,80.708,12,0,22,
,840,stroll,,117,20,7,6,2025,15,39,Dutch Grand Prix,,,,,2,17.5795,70,73.822,12,0,28,
,848,albon,,3,14,7,6,2025,16,14,Italian Grand Prix,,79.837,79.583,,1,24.717,53,81.368,7,0,70,
,844,leclerc,,6,7,8,4,2025,1,1,Australian Grand Prix,,76.029,75.827,75.755,5,17.1228,43,85.271,8,0,4,
,860,bearman,,210,17,8,4,2025,2,17,Chinese Grand Prix,,92.018,,,1,22.808,52,96.363,10,0,4,
,864,hadjar,,215,7,8,4,2025,3,22,Japanese Grand Prix,,88.278,87.775,87.569,1,23.333,52,91.317,13,0,4,
,839,ocon,,210,14,8,4,2025,4,3,Bahrain Grand Prix,,91.594,,,2,24.854,30,97.098,9,0,14,
,832,sainz,,3,6,8,4,2025,5,77,Saudi Arabian Grand Prix,,88.354,88.024,88.164,1,24.148,50,92.466,14,0,5,
,1,hamilton,,6,12,8,4,2025,6,79,Miami Grand Prix,,87.279,87.006,,1,23.104,35,90.562,8,0,27,
,832,sainz,,3,6,8,4,2025,7,21,San Marino Grand Prix,,75.987,75.198,75.432,2,30.3575,58,79.836,10,0,11,
,859,lawson,,215,9,8,4,2025,8,6,Monaco Grand Prix,,71.818,71.25,71.129,2,24.263,55,75.321,17,0,4,
,842,gasly,,214,8,8,4,2025,9,4,Spanish Grand Prix,,73.081,72.611,72.199,3,22.34933333,63,77.896,14,0,10,
,807,hulkenberg,,15,13,8,4,2025,10,7,Canadian Grand Prix,,72.323,72.183,,1,23.476,65,75.372,11,0,20,
,862,bortoleto,,15,8,8,4,2025,11,70,Austrian Grand Prix,,72.808,72.417,71.478,2,21.481,62,69.247,18,0,4,
,848,albon,,3,14,8,4,2025,12,9,British Grand Prix,,86.093,85.889,,2,29.2715,50,90.047,8,0,46,
,859,lawson,,215,9,8,4,2025,13,13,Belgian Grand Prix,,101.748,101.297,101.328,1,23.269,38,106.649,14,0,16,
,859,lawson,,215,9,8,4,2025,14,11,Hungarian Grand Prix,,75.849,75.63,75.821,1,22.136,56,80.457,14,0,20,
,4,alonso,,117,10,8,4,2025,15,39,Dutch Grand Prix,,69.95,69.366,69.63,2,17.683,42,73.719,11,0,30,
,862,bortoleto,,15,8,8,4,2025,16,14,Italian Grand Prix,,79.688,79.323,79.39,1,26.143,51,82.139,16,0,18,
,857,piastri,,1,2,9,2,2025,1,1,Australian Grand Prix,,76.062,75.468,75.18,5,15.8602,43,83.242,9,0,2,
,840,stroll,,117,14,9,2,2025,2,17,Chinese Grand Prix,,91.923,91.773,,1,22.995,39,96.044,8,0,10,
,848,albon,,3,9,9,2,2025,3,22,Japanese Grand Prix,,88.218,87.783,87.615,1,23.093,52,91.125,6,0,18,
,852,tsunoda,,9,10,9,2,2025,4,3,Bahrain Grand Prix,,91.751,91.228,91.303,2,25.632,45,97.225,15,0,2,
,848,albon,,3,11,9,2,2025,5,77,Saudi Arabian Grand Prix,,88.279,88.109,,1,22.135,47,93.477,8,0,20,
,832,sainz,,3,6,9,2,2025,6,79,Miami Grand Prix,,87.098,86.847,86.569,1,22.415,35,90.703,11,0,7,
,864,hadjar,,215,9,9,2,2025,7,21,San Marino Grand Prix,,76.253,75.51,75.746,2,30.1095,60,79.473,12,0,7,
,848,albon,,3,10,9,2,2025,8,6,Monaco Grand Prix,,71.629,70.732,71.213,2,24.0585,76,74.597,8,0,42,
,4,alonso,,117,10,9,2,2025,9,4,Spanish Grand Prix,,73.102,72.523,72.284,3,22.41333333,66,78.128,18,0,2,
,839,ocon,,210,15,9,2,2025,10,7,Canadian Grand Prix,,72.378,72.634,,1,24.452,62,74.593,9,0,22,
,807,hulkenberg,,15,9,9,2,2025,11,70,Austrian Grand Prix,,72.915,72.523,71.56,2,21.1405,62,69.459,10,0,22,
,4,alonso,,117,9,9,2,2025,12,9,British Grand Prix,,86.108,85.593,85.621,2,28.6205,49,90.353,13,0,16,
,862,bortoleto,,15,10,9,2,2025,13,13,Belgian Grand Prix,,101.908,101.336,102.387,1,23.274,41,106.966,18,0,6,
,830,verstappen,,9,8,9,2,2025,14,11,Hungarian Grand Prix,,75.736,75.547,75.728,2,21.3455,50,79.576,3,2,173,
,852,tsunoda,,9,12,9,2,2025,15,39,Dutch Grand Prix,,69.954,69.622,,2,18.2475,71,74.354,19,0,6,
,861,antonelli,,131,7,9,2,2025,16,14,Italian Grand Prix,,79.747,79.245,79.2,1,24.916,53,81.968,8,0,62,
,1,hamilton,,6,8,10,1,2025,1,1,Australian Grand Prix,,76.213,75.919,75.973,5,17.062,43,84.218,10,0,1,
,832,sainz,,3,15,10,1,2025,2,17,Chinese Grand Prix,,91.628,91.84,,1,22.721,50,96.779,12,0,1,
,860,bearman,,210,10,10,1,2025,3,22,Japanese Grand Prix,,88.228,87.711,87.867,1,24.834,49,92.006,12,0,5,
,860,bearman,,210,20,10,1,2025,4,3,Bahrain Grand Prix,,92.373,,,2,24.7285,40,97.303,12,0,6,
,864,hadjar,,215,14,10,1,2025,5,77,Saudi Arabian Grand Prix,,88.571,88.418,,1,20.827,39,93.257,15,0,5,
,852,tsunoda,,9,10,10,1,2025,6,79,Miami Grand Prix,,87.298,86.959,86.943,1,22.56,55,90.964,16,0,3,
,852,tsunoda,,9,20,10,1,2025,7,21,San Marino Grand Prix,,,,,1,29.807,60,80.039,16,0,4,
,832,sainz,,3,11,10,1,2025,8,6,Monaco Grand Prix,,71.707,71.362,,2,24.2735,70,73.988,11,0,12,
,830,verstappen,,9,3,10,1,2025,9,4,Spanish Grand Prix,,72.798,72.358,71.848,4,21.95025,62,77.019,3,2,131,
,832,sainz,,3,17,10,1,2025,10,7,Canadian Grand Prix,,72.398,,,1,23.269,60,74.389,12,0,13,
,839,ocon,,210,10,10,1,2025,11,70,Austrian Grand Prix,,73.024,72.639,71.661,2,22.736,62,69.55,9,0,23,
,847,russell,,131,4,10,1,2025,12,9,British Grand Prix,,86.236,85.637,85.029,2,28.426,51,90.869,4,1,137,
,842,gasly,,214,13,10,1,2025,13,13,Belgian Grand Prix,,101.8,101.633,,1,26.825,42,107.177,12,0,19,
,861,antonelli,,131,15,10,1,2025,14,11,Hungarian Grand Prix,,75.782,76.386,,1,22.328,54,80.745,7,0,60,
,839,ocon,,210,18,10,1,2025,15,39,Dutch Grand Prix,,70.197,,,1,18.27,71,73.986,13,0,24,
,864,hadjar,,215,16,10,1,2025,16,14,Italian Grand Prix,,79.917,,,1,24.326,46,82.133,9,0,37,
,842,gasly,,214,9,11,0,2025,1,1,Australian Grand Prix,,76.328,76.112,75.98,5,16.9258,43,85.02,11,0,0,
,864,hadjar,,215,7,11,0,2025,2,17,Chinese Grand Prix,,91.162,91.253,91.079,2,22.565,35,95.868,18,0,0,
,4,alonso,,117,13,11,0,2025,3,22,Japanese Grand Prix,,88.337,87.897,,1,25.708,51,91.77,16,0,0,
,861,antonelli,,131,4,11,0,2025,4,3,Bahrain Grand Prix,,91.415,90.716,90.213,3,24.66866667,29,96.69,6,0,28,
,4,alonso,,117,13,11,0,2025,5,77,Saudi Arabian Grand Prix,,88.548,88.303,,1,21.891,49,93.009,17,0,0,
,864,hadjar,,215,11,11,0,2025,6,79,Miami Grand Prix,,87.301,86.987,,1,22.115,51,90.971,15,0,5,
,4,alonso,,117,5,11,0,2025,7,21,San Marino Grand Prix,,75.695,75.442,75.431,2,30.5245,61,79.894,17,0,0,
,847,russell,,131,14,11,0,2025,8,6,Monaco Grand Prix,,71.507,,,2,24.544,76,73.405,4,0,89,
,859,lawson,,215,13,11,0,2025,9,4,Spanish Grand Prix,,73.039,72.763,,2,22.083,62,79.424,17,0,4,
,860,bearman,,210,14,11,0,2025,10,7,Canadian Grand Prix,,72.306,72.34,,2,25.7735,63,75.397,16,0,6,
,860,bearman,,210,11,11,0,2025,11,70,Austrian Grand Prix,,73.135,72.744,71.762,2,21.8405,62,69.96,17,0,6,
,860,bearman,,210,8,11,0,2025,12,9,British Grand Prix,,86.005,85.534,85.471,2,29.1455,50,90.921,17,0,6,
,860,bearman,,210,12,11,0,2025,13,13,Belgian Grand Prix,,101.617,101.617,,1,24.13,43,106.709,17,0,6,
,864,hadjar,,215,10,11,0,2025,14,11,Hungarian Grand Prix,,75.516,75.469,75.915,1,21.096,48,80.802,13,0,21,
,864,colapinto,,214,16,11,0,2025,15,39,Dutch Grand Prix,,70.104,,,3,17.883,72,73.049,20,0,0,
,832,sainz,,3,13,11,0,2025,16,14,Italian Grand Prix,,79.644,79.528,,1,24.605,47,81.74,18,0,13,
,852,tsunoda,,215,5,12,0,2025,1,1,Australian Grand Prix,,76.225,76.009,75.67,5,16.4188,43,84.196,12,0,0,
,859,lawson,,9,20,12,0,2025,2,17,Chinese Grand Prix,,92.174,,,2,22.4455,32,95.985,19,0,0,
,852,tsunoda,,9,15,12,0,2025,3,22,Japanese Grand Prix,,87.967,88,,1,24.181,51,91.871,18,0,0,
,848,albon,,3,15,12,0,2025,4,3,Bahrain Grand Prix,,92.04,,,2,25.692,47,97.141,7,0,18,
,859,lawson,,215,12,12,0,2025,5,77,Saudi Arabian Grand Prix,,88.561,88.191,,1,20.534,43,92.998,18,0,0,
,839,ocon,,210,9,12,0,2025,6,79,Miami Grand Prix,,87.45,86.967,86.824,1,23.162,30,91.122,9,0,14,
,807,hulkenberg,,15,17,12,0,2025,7,21,San Marino Grand Prix,,76.518,,,1,30.184,62,80.401,14,0,6,
,860,bearman,,210,17,12,0,2025,8,6,Monaco Grand Prix,,71.979,,,2,37.3855,6,74.855,15,0,6,
,862,bortoleto,,15,12,12,0,2025,9,4,Spanish Grand Prix,,73.045,72.756,,2,22.497,52,78.297,19,0,0,
,852,tsunoda,,9,11,12,0,2025,10,7,Canadian Grand Prix,,72.334,72.102,,1,25.178,60,75.358,18,0,4,
,864,hadjar,,215,12,12,0,2025,11,70,Austrian Grand Prix,,73.239,72.851,71.853,2,21.4885,62,70.204,11,0,21,
,832,sainz,,3,11,12,0,2025,12,9,British Grand Prix,,86.175,85.746,,2,29.1045,52,90.645,15,0,13,
,807,hulkenberg,,15,14,12,0,2025,13,13,Belgian Grand Prix,,101.844,101.707,,2,23.7445,39,105.068,9,0,37,
,1,hamilton,,6,12,12,0,2025,14,11,Hungarian Grand Prix,,75.733,75.702,,1,21.15,55,80.022,6,0,95,
,859,lawson,,215,8,12,0,2025,15,39,Dutch Grand Prix,,69.779,69.383,69.5,3,19.43666667,60,73.879,14,0,20,
,860,bearman,,210,11,12,0,2025,16,14,Italian Grand Prix,,79.688,79.446,,1,25.372,53,81.82,17,0,14,
,839,ocon,,210,19,13,0,2025,1,1,Australian Grand Prix,,77.147,,,5,17.8314,42,86.764,13,0,0,
,863,doohan,,214,18,13,0,2025,2,17,Chinese Grand Prix,,92.092,,,1,22.793,52,96.424,16,0,0,
,842,gasly,,214,11,13,0,2025,3,22,Japanese Grand Prix,,88.186,87.822,,1,26.041,52,91.82,15,0,0,
,864,hadjar,,215,12,13,0,2025,4,3,Bahrain Grand Prix,,91.591,91.271,,2,24.9525,30,96.952,14,0,4,
,860,bearman,,210,15,13,0,2025,5,77,Saudi Arabian Grand Prix,,88.536,88.648,,1,22.095,50,93.238,11,0,6,
,842,gasly,,214,18,13,0,2025,6,79,Miami Grand Prix,,87.71,,,1,22.06,35,91.159,12,0,6,
,842,gasly,,214,10,13,0,2025,7,21,San Marino Grand Prix,,75.937,75.505,75.787,2,31.7455,58,80.398,13,0,6,
,864,colapinto,,214,20,13,0,2025,8,6,Monaco Grand Prix,,72.597,,,2,24.426,31,75.298,20,0,0,
,852,tsunoda,,9,20,13,0,2025,9,4,Spanish Grand Prix,,73.385,,,4,22.00725,47,77.998,16,0,4,
,864,colapinto,,214,12,13,0,2025,10,7,Canadian Grand Prix,,72.234,72.142,,1,24.735,53,76.076,20,0,0,
,842,gasly,,214,13,13,0,2025,11,70,Austrian Grand Prix,,73.341,72.96,71.95,2,22.032,62,70.151,15,0,10,
,839,ocon,,210,15,13,0,2025,12,9,British Grand Prix,,86.136,85.95,,2,29.104,52,90.818,10,0,23,
,852,tsunoda,,9,7,13,0,2025,13,13,Belgian Grand Prix,,101.84,101.245,101.284,1,23.33,42,107.241,19,0,4,
,807,hulkenberg,,15,19,13,0,2025,14,11,Hungarian Grand Prix,,76.081,,,2,25.1855,68,80.013,9,0,37,
,832,sainz,,3,9,13,0,2025,15,39,Dutch Grand Prix,,69.98,69.472,69.505,4,23.874,58,73.808,18,0,13,
,852,tsunoda,,9,10,13,0,2025,16,14,Italian Grand Prix,,79.619,79.433,79.519,1,24.372,52,82.712,19,0,6,
,860,bearman,,210,20,14,0,2025,1,1,Australian Grand Prix,,,,,5,19.0514,42,87.603,14,0,0,
,862,bortoleto,,15,19,14,0,2025,2,17,Chinese Grand Prix,,92.141,,,2,23.0875,28,95.874,15,0,0,
,832,sainz,,3,12,14,0,2025,3,22,Japanese Grand Prix,,88.209,87.836,,1,23.337,36,91.106,14,0,1,
,863,doohan,,214,11,14,0,2025,4,3,Bahrain Grand Prix,,91.414,91.245,,2,24.942,31,96.682,17,0,0,
,839,ocon,,210,19,14,0,2025,5,77,Saudi Arabian Grand Prix,,89.092,,,1,21.512,47,94.309,9,0,14,
,807,hulkenberg,,15,16,14,0,2025,6,79,Miami Grand Prix,,87.473,,,1,22.108,43,91.015,13,0,6,
,859,lawson,,215,16,14,0,2025,7,21,San Marino Grand Prix,,76.379,,,2,29.993,60,80.473,18,0,0,
,862,bortoleto,,15,16,14,0,2025,8,6,Monaco Grand Prix,,71.902,,,3,28.65733333,38,74.884,19,0,0,
,832,sainz,,3,18,14,0,2025,9,4,Spanish Grand Prix,,73.203,,,3,24.959,65,79.317,12,0,12,
,862,bortoleto,,15,16,14,0,2025,10,7,Canadian Grand Prix,,72.385,,,1,23.715,57,75.414,19,0,0,
,840,stroll,,117,14,14,0,2025,11,70,Austrian Grand Prix,,73.444,73.064,72.058,2,22.335,62,69.214,16,0,10,
,844,leclerc,,6,6,14,0,2025,12,9,British Grand Prix,,86.186,85.133,85.121,2,28.9645,50,90.819,5,0,115,
,840,stroll,,117,20,14,0,2025,13,13,Belgian Grand Prix,,102.502,,,1,23.787,38,107.212,15,0,16,
,832,sainz,,3,13,14,0,2025,14,11,Hungarian Grand Prix,,75.652,75.781,,2,21.5465,54,79.79,17,0,13,
,807,hulkenberg,,15,17,14,0,2025,15,39,Dutch Grand Prix,,70.195,,,2,17.773,61,74.912,9,0,37,
,859,lawson,,215,20,14,0,2025,16,14,Italian Grand Prix,,80.279,,,1,24.156,49,82.777,14,0,20,
,859,lawson,,9,18,15,0,2025,1,1,Australian Grand Prix,,77.094,,,4,17.5115,43,82.97,15,0,0,
,807,hulkenberg,,15,12,15,0,2025,2,17,Chinese Grand Prix,,91.921,91.632,,1,22.959,35,97.275,9,0,6,
,863,doohan,,214,19,15,0,2025,3,22,Japanese Grand Prix,,88.877,,,1,23.382,47,92.685,20,0,0,
,4,alonso,,117,13,15,0,2025,4,3,Bahrain Grand Prix,,91.634,91.886,,2,24.836,38,97.906,18,0,0,
,807,hulkenberg,,15,18,15,0,2025,5,77,Saudi Arabian Grand Prix,,88.782,,,1,20.441,39,93.446,12,0,6,
,4,alonso,,117,17,15,0,2025,6,79,Miami Grand Prix,,87.604,,,1,23.602,38,91.287,17,0,0,
,840,stroll,,117,8,15,0,2025,7,21,San Marino Grand Prix,,75.817,75.497,75.581,2,32.857,58,80.501,11,0,10,
,840,stroll,,117,19,15,0,2025,8,6,Monaco Grand Prix,,72.563,,,2,24.947,69,74.877,12,0,10,
,864,colapinto,,214,19,15,0,2025,9,4,Spanish Grand Prix,,73.334,,,3,22.16133333,42,78.353,20,0,0,
,842,gasly,,214,20,15,0,2025,10,7,Canadian Grand Prix,,72.667,,,1,23.987,64,74.993,13,0,10,
,864,colapinto,,214,15,15,0,2025,11,70,Austrian Grand Prix,,73.553,73.177,72.165,2,22.0625,62,69.621,20,0,0,
,852,tsunoda,,9,12,15,0,2025,12,9,British Grand Prix,,86.275,85.826,,1,28.544,50,90.873,19,0,4,
,839,ocon,,210,11,15,0,2025,13,13,Belgian Grand Prix,,101.884,101.525,,1,23.802,44,106.744,10,0,23,
,848,albon,,3,20,15,0,2025,14,11,Hungarian Grand Prix,,76.223,,,2,22.0355,50,80.779,8,0,54,
,862,bortoleto,,15,13,15,0,2025,15,39,Dutch Grand Prix,,70.037,69.622,,2,17.6995,63,74.307,17,0,14,
,839,ocon,,210,15,15,0,2025,16,14,Italian Grand Prix,,79.816,79.707,,1,30.754,48,82.892,13,0,24,
,862,bortoleto,,15,15,16,0,2025,1,1,Australian Grand Prix,,76.516,77.52,,5,19.0576,43,84.192,16,0,0,
,852,tsunoda,,215,9,16,0,2025,2,17,Chinese Grand Prix,,91.238,91.26,91.638,3,27.73466667,49,95.871,20,0,0,
,807,hulkenberg,,15,16,16,0,2025,3,22,Japanese Grand Prix,,88.57,,,1,23.515,31,92.572,11,0,6,
,859,lawson,,215,17,16,0,2025,4,3,Bahrain Grand Prix,,92.165,,,2,24.7165,44,97.38,19,0,0,
,840,stroll,,117,16,16,0,2025,5,77,Saudi Arabian Grand Prix,,88.645,,,1,20.487,44,92.745,10,0,10,
,840,stroll,,117,19,16,0,2025,6,79,Miami Grand Prix,,87.83,,,1,22.317,51,91.769,10,0,10,
,863,doohan,,214,15,16,0,2025,7,21,San Marino Grand Prix,,76.256,,,2,30.712,57,80.345,20,0,0,
,807,hulkenberg,,15,13,16,0,2025,8,6,Monaco Grand Prix,,71.871,71.596,,2,24.231,49,75.223,14,0,6,
,839,ocon,,210,17,16,0,2025,9,4,Spanish Grand Prix,,73.201,,,2,22.511,47,78.624,10,0,20,
,864,hadjar,,215,9,16,0,2025,10,7,Canadian Grand Prix,,72.211,72.003,71.867,2,23.9115,51,76.292,10,0,21,
,852,tsunoda,,9,16,16,0,2025,11,70,Austrian Grand Prix,,73.663,,,3,28.045,62,69.802,19,0,4,
,861,antonelli,,131,7,16,0,2025,12,9,British Grand Prix,,86.265,85.62,85.374,3,29.052,8,105.576,7,0,59,
,861,antonelli,,131,18,16,0,2025,13,13,Belgian Grand Prix,,102.139,,,2,23.334,32,104.861,7,0,59,
,839,ocon,,210,18,16,0,2025,14,11,Hungarian Grand Prix,,76.023,,,1,22.444,17,81.916,11,0,23,
,861,antonelli,,131,11,16,0,2025,15,39,Dutch Grand Prix,,69.845,69.493,,2,17.4205,70,73.48,8,0,60,
,842,gasly,,214,19,16,0,2025,16,14,Italian Grand Prix,,80.103,,,1,25.012,53,82.185,15,0,19,
,4,alonso,,117,12,17,0,2025,1,1,Australian Grand Prix,,76.288,76.453,,3,15.60333333,32,88.819,17,0,0,
,4,alonso,,117,13,17,0,2025,2,17,Chinese Grand Prix,,91.719,91.688,,,,3,99.256,14,0,0,
,859,lawson,,215,14,17,0,2025,3,22,Japanese Grand Prix,,88.554,87.906,,1,23.662,39,92.043,17,0,0,
,840,stroll,,117,19,17,0,2025,4,3,Bahrain Grand Prix,,92.283,,,2,24.6015,38,98.064,10,0,10,
,863,doohan,,214,17,17,0,2025,5,77,Saudi Arabian Grand Prix,,88.739,,,2,21.046,49,93.15,19,0,0,
,860,bearman,,210,19,17,0,2025,7,21,San Marino Grand Prix,,76.918,,,2,44.0855,52,79.521,15,0,6,
,852,tsunoda,,9,12,17,0,2025,8,6,Monaco Grand Prix,,71.8,71.415,,2,24.3055,77,74.913,16,0,4,
,860,bearman,,210,15,17,0,2025,9,4,Spanish Grand Prix,,73.074,73.315,,3,22.348,63,78.907,15,0,6,
,840,stroll,,117,18,17,0,2025,10,7,Canadian Grand Prix,,72.517,,,3,27.41866667,58,74.902,14,0,10,
,848,albon,,3,17,17,0,2025,11,70,Austrian Grand Prix,,73.77,,,1,21.21,62,70.641,8,0,42,
,864,hadjar,,215,13,17,0,2025,12,9,British Grand Prix,,86.177,85.864,,1,28.523,9,101.705,11,0,21,
,4,alonso,,117,19,17,0,2025,13,13,Belgian Grand Prix,,102.385,,,2,23.548,32,105.849,13,0,16,
,852,tsunoda,,9,16,17,0,2025,14,11,Hungarian Grand Prix,,75.899,,,2,21.418,47,81.18,19,0,4,
,842,gasly,,214,14,17,0,2025,15,39,Dutch Grand Prix,,69.894,69.637,,1,19.223,59,75.248,15,0,19,
,864,colapinto,,214,18,17,0,2025,16,14,Italian Grand Prix,,79.992,,,1,24.971,48,82.239,20,0,0,
,832,sainz,,3,10,18,0,2025,1,1,Australian Grand Prix,,76.36,75.931,76.062,,,43,,18,0,0,
,844,leclerc,,6,6,18,0,2025,2,17,Chinese Grand Prix,,91.579,91.45,91.021,1,22.151,49,96.157,11,0,4,
,839,ocon,,210,18,18,0,2025,3,22,Japanese Grand Prix,,88.696,,,1,24.464,48,91.967,8,0,10,
,862,bortoleto,,15,18,18,0,2025,4,3,Bahrain Grand Prix,,92.186,,,2,24.7695,38,98.006,20,0,0,
,862,bortoleto,,15,20,18,0,2025,5,77,Saudi Arabian Grand Prix,,89.462,,,1,21.854,39,94.447,20,0,0,
,862,bortoleto,,15,14,18,0,2025,7,21,San Marino Grand Prix,,76.34,76.26,,3,30.476,57,80.63,19,0,0,
,861,antonelli,,131,15,18,0,2025,8,6,Monaco Grand Prix,,71.88,,,2,24.647,77,73.518,7,0,44,
,861,antonelli,,131,6,18,0,2025,9,4,Spanish Grand Prix,,72.815,72.585,72.111,2,22.8455,52,78.255,7,0,44,
,846,norris,,1,7,18,0,2025,10,7,Canadian Grand Prix,,71.826,71.599,71.625,2,23.347,65,74.229,2,2,167,
,830,verstappen,,9,18,18,0,2025,11,70,Austrian Grand Prix,,73.885,,,,,,,3,2,149,
,862,bortoleto,,15,17,18,0,2025,12,9,British Grand Prix,,86.446,,,,,3,136.121,18,0,4,
,832,sainz,,3,15,18,0,2025,13,13,Belgian Grand Prix,,101.691,101.758,,2,25.649,30,106.073,16,0,13,
,864,colapinto,,214,14,18,0,2025,14,11,Hungarian Grand Prix,,75.875,76.159,,2,28.264,38,80.827,20,0,0,
,846,norris,,1,2,18,0,2025,15,39,Dutch Grand Prix,,69.469,68.874,68.674,2,21.325,59,72.379,2,5,260,
,840,stroll,,117,17,18,0,2025,16,14,Italian Grand Prix,,79.948,,,1,38.418,52,82.164,12,0,28,
,863,doohan,,214,14,19,0,2025,1,1,Australian Grand Prix,,76.315,76.863,,,,43,,19,0,0,
,1,hamilton,,6,5,19,0,2025,2,17,Chinese Grand Prix,,91.69,91.501,90.927,2,22.376,41,95.069,13,0,1,
,862,bortoleto,,15,17,19,0,2025,3,22,Japanese Grand Prix,,88.622,,,1,23.419,45,92.034,19,0,0,
,861,antonelli,,131,13,19,0,2025,7,21,San Marino Grand Prix,,75.943,75.772,,1,30.051,33,80.62,6,0,44,
,4,alonso,,117,7,19,0,2025,8,6,Monaco Grand Prix,,71.674,71.182,70.924,1,25.375,15,75.593,18,0,0,
,848,albon,,3,11,19,0,2025,9,4,Spanish Grand Prix,,73.044,72.641,,2,34.2485,9,80.508,8,0,42,
,859,lawson,,215,19,19,0,2025,10,7,Canadian Grand Prix,,72.525,,,1,23.28,53,76.32,17,0,4,
,861,antonelli,,131,19,19,0,2025,11,70,Austrian Grand Prix,,73.991,,,,,,,7,0,59,
,859,lawson,,215,16,19,0,2025,12,9,British Grand Prix,,86.44,,,,,,,16,0,12,
,864,colapinto,,214,17,19,0,2025,13,13,Belgian Grand Prix,,102.022,,,2,23.557,30,106.104,20,0,0,
,842,gasly,,214,17,19,0,2025,14,11,Hungarian Grand Prix,,75.966,,,1,21.699,46,81.433,15,0,19,
,844,leclerc,,6,6,19,0,2025,15,39,Dutch Grand Prix,,69.906,69.304,69.34,2,17.0615,33,74.557,5,0,142,
,4,alonso,,117,9,19,0,2025,16,14,Italian Grand Prix,,79.658,79.362,79.424,1,25.16,23,83.757,11,0,30,
,864,hadjar,,215,11,20,0,2025,1,1,Australian Grand Prix,,76.354,76.175,,,,43,,20,0,0,
,842,gasly,,214,16,20,0,2025,2,17,Chinese Grand Prix,,91.992,,,1,23.138,49,96.425,17,0,0,
,840,stroll,,117,20,20,0,2025,3,22,Japanese Grand Prix,,89.271,,,2,23.666,53,92.052,9,0,10,
,839,ocon,,210,18,20,0,2025,7,21,San Marino Grand Prix,,76.613,,,1,30.506,3,81.413,9,0,14,
,842,gasly,,214,18,20,0,2025,8,6,Monaco Grand Prix,,71.994,,,1,24.376,6,78.054,13,0,6,
,848,albon,,3,10,20,0,2025,10,7,Canadian Grand Prix,,72.09,71.892,71.907,1,23.898,31,76.197,8,0,42,
,832,sainz,,3,20,20,0,2025,11,70,Austrian Grand Prix,,74.095,,,,,,,13,0,13,
,864,colapinto,,214,20,20,0,2025,12,9,British Grand Prix,,87.06,,,,,,,20,0,0,
,864,hadjar,,215,8,20,0,2025,13,13,Belgian Grand Prix,,101.572,101.281,101.31,2,23.478,44,107.667,11,0,21,
,860,bearman,,210,11,20,0,2025,14,11,Hungarian Grand Prix,,75.75,75.694,,1,21.754,37,81.989,18,0,6,
,1,hamilton,,6,7,20,0,2025,15,39,Dutch Grand Prix,,69.9,69.261,69.39,,,6,75.684,6,0,95,
,807,hulkenberg,,15,12,20,0,2025,16,14,Italian Grand Prix,,79.777,79.498,,,,,,10,0,37,
,807,hulkenberg,,15,16,20,0,2025,4,3,Bahrain Grand Prix,,92.067,,,2,24.26,30,97.338,13,0,6,
,832,sainz,,3,8,20,0,2025,4,3,Bahrain Grand Prix,,91.591,90.844,90.68,3,28.677,16,96.954,16,0,1,
,842,gasly,,214,9,20,0,2025,5,77,Saudi Arabian Grand Prix,,88.421,88.025,88.367,,,,,13,0,6,
,852,tsunoda,,9,8,20,0,2025,5,77,Saudi Arabian Grand Prix,,88.226,87.99,88.204,,,,,16,0,2,
,860,bearman,,210,20,20,0,2025,6,79,Miami Grand Prix,,87.999,,,,,24,92.68,14,0,6,
,859,lawson,,215,15,20,0,2025,6,79,Miami Grand Prix,,87.444,87.363,,1,22.439,30,91.77,18,0,0,
,862,bortoleto,,15,13,20,0,2025,6,79,Miami Grand Prix,,87.343,87.151,,1,22.188,21,92.328,19,0,0,
,863,doohan,,214,14,20,0,2025,6,79,Miami Grand Prix,,87.422,87.186,,,,,,20,0,0,
,840,stroll,,117,14,20,0,2025,9,4,Spanish Grand Prix,,73.038,73.058,,,,,,13,0,10,
